Comment,Designator,Footprint,LCSC,Quantity
Servo,J13,JST_XH_B3B-XH-A_1x03_P2.50mm_Vertical,C144394,1
Codeur1,"J10,J11,J12",JST_XH_B4B-XH-A_1x04_P2.50mm_Vertical,C144395,3
100nF,"C3,C4",C_0603,C14663,2
Couleur,"J3,J4,J5,J6,J7,J8,J9",JST_XH_B2B-XH-A_1x02_P2.50mm_Vertical,C158012,7
470nF,C7,C_0603,C1623,1
"Connector, USB-TYPE-C-16P",J14,TYPE-C-SMD_HX-TYPE-C-16PIN,C165948,1
Motor-MP6550-1,"J15,J16,J17,J18",PinHeader_1x06_P2.54mm_Vertical,C18078129,4
Nucleo-G431KB,"J1,J2",PinHeader_1x15_P2.54mm_Vertical,C18078136,2
RaspberryPiZero2,J19,PinHeader_2x20_P2.54mm_Vertical,C18078157,1
22nF,C2,C_0603,C21122,1
180kΩ,R1,R_0603,C22827,1
4.99kΩ,R9,R_0603,C23046,1
49.9kΩ,R2,R_0603,C23184,1
91kΩ,R6,R_0603,C23265,1
10kΩ,"R3,R4,R5,R7,R8",R_0603,C25804,5
Fuse,F1,Fuse-Holder-5x20,C3131,1
22uF,"C1,C5,C6",C_0603,C59461,3
MP2338GTL-Z,U1,SOT-583-8,C7210174,1
"6.8uH,7.2A",L1,L_12x12mm_H4.5mm,C7431079,1
