Designator,Val,Package,Mid X,Mid Y,Rotation,Layer
C1,22uF,C_0603,246.126,-74.168,0.0,top
C2,22nF,C_0603,244.864,-66.548,90.0,top
C3,100nF,C_0603,246.126,-72.644,0.0,top
C4,100nF,C_0603,248.158,-68.834,90.0,top
C5,22uF,C_0603,261.112,-76.708,180.0,top
C6,22uF,C_0603,261.13,-78.362,180.0,top
C7,470nF,C_0603,241.816,-66.548,90.0,top
F1,Fuse,Fuse-Holder-5x20,251.46,-45.212,180.0,top
J1,Nucleo-G431KB,PinHeader_1x15_P2.54mm_Vertical,215.9,-60.198,0.0,top
J10,Codeur1,JST_XH_B4B-XH-A_1x04_P2.50mm_Vertical,214.316,-98.789,0.0,top
J11,Codeur2,JST_XH_B4B-XH-A_1x04_P2.50mm_Vertical,231.902,-98.789,0.0,top
J12,SRF04,JST_XH_B4B-XH-A_1x04_P2.50mm_Vertical,247.924,-96.52,0.0,top
J13,Servo,JST_XH_B3B-XH-A_1x03_P2.50mm_Vertical,260.604,-96.503,0.0,top
J14,"Connector, USB-TYPE-C-16P",TYPE-C-SMD_HX-TYPE-C-16PIN,223.52,-43.252,180.0,top
J15,Motor-MP6550-1,PinHeader_1x06_P2.54mm_Vertical,225.806,-116.586,90.0,top
J16,Motor-MP6550-1,PinHeader_1x06_P2.54mm_Vertical,225.806,-106.426,90.0,top
J17,Motor-MP6550-2,PinHeader_1x06_P2.54mm_Vertical,244.538,-106.426,90.0,top
J18,Motor-MP6550-2,PinHeader_1x06_P2.54mm_Vertical,244.506,-116.586,90.0,top
J19,RaspberryPiZero2,PinHeader_2x20_P2.54mm_Vertical,202.184,-66.294,180.0,top
J2,Nucleo-G431KB,PinHeader_1x15_P2.54mm_Vertical,231.14,-60.198,0.0,top
J3,Couleur,JST_XH_B2B-XH-A_1x02_P2.50mm_Vertical,245.598,-84.074,0.0,top
J4,Tirette,JST_XH_B2B-XH-A_1x02_P2.50mm_Vertical,261.092,-84.057,0.0,top
J5,Moteur1,JST_XH_B2B-XH-A_1x02_P2.50mm_Vertical,209.316,-110.236,0.0,top
J6,Moteur2,JST_XH_B2B-XH-A_1x02_P2.50mm_Vertical,261.62,-109.965,0.0,top
J7,Vin,JST_XH_B2B-XH-A_1x02_P2.50mm_Vertical,261.62,-56.622,90.0,top
J8,Voltmetre,JST_XH_B2B-XH-A_1x02_P2.50mm_Vertical,241.3,-56.622,90.0,top
J9,BAU,JST_XH_B2B-XH-A_1x02_P2.50mm_Vertical,251.46,-56.622,90.0,top
L1,"6.8uH,7.2A",L_12x12mm_H4.5mm,256.54,-69.088,0.0,top
R1,180kΩ,R_0603,243.078,-72.644,180.0,top
R2,49.9kΩ,R_0603,243.078,-74.168,0.0,top
R3,10kΩ,R_0603,242.57,-70.358,180.0,top
R4,10kΩ,R_0603,242.578,-68.834,0.0,top
R5,10kΩ,R_0603,243.34,-66.606,-90.0,top
R6,91kΩ,R_0603,240.292,-66.548,-90.0,top
R7,10kΩ,R_0603,244.348,-89.916,-90.0,top
R8,10kΩ,R_0603,259.646,-90.17,-90.0,top
R9,4.99kΩ,R_0603,234.886,-111.506,90.0,top
U1,MP2338GTL-Z,SOT-583-8,245.626,-69.618,90.0,top
